company_id,company_name,broad_sector,year,market_cap_crore,enterprise_value_crore,pe_ratio,pb_ratio,ev_ebitda,dividend_yield_pct,free_cash_flow_cr,FCF_yield_pct,five_year_median_pe,sector_median_pe,PE_vs_sector_median_pct,valuation_flag
ABB,Abbott India Ltd,Industrials,2019,844312.98,814410.48,19.29,14.26,22.84,0.84,242.0,0.03,62.63,48.9,-60.55,Undervalued
ABB,Abbott India Ltd,Industrials,2019,844312.98,814410.48,19.29,14.26,22.84,0.84,-459.0,-0.05,62.63,48.9,-60.55,Undervalued
ABB,Abbott India Ltd,Industrials,2022,1185994.82,1158637.42,18.68,4.75,6.12,3.35,552.0,0.05,62.63,48.9,-61.8,Undervalued
ABB,Abbott India Ltd,Industrials,2022,1185994.82,1158637.42,18.68,4.75,6.12,3.35,161.0,0.01,62.63,48.9,-61.8,Undervalued
ABB,Abbott India Ltd,Industrials,2024,1536236.24,1619349.16,75.58,4.48,12.63,0.96,797.0,0.05,62.63,48.9,54.56,Overvalued
ABB,Abbott India Ltd,Industrials,2024,1536236.24,1619349.16,75.58,4.48,12.63,0.96,1095.0,0.07,62.63,48.9,54.56,Overvalued
ABB,Abbott India Ltd,Industrials,2024,1536236.24,1619349.16,75.58,4.48,12.63,0.96,797.0,0.05,62.63,48.9,54.56,Overvalued
ABB,Abbott India Ltd,Industrials,2024,1536236.24,1619349.16,75.58,4.48,12.63,0.96,1095.0,0.07,62.63,48.9,54.56,Overvalued
ADANIENSOL,Adani Energy Solutions Ltd,Energy,2019,171905.69,222090.81,76.72,12.85,34.64,2.97,-459.0,-0.27,58.5,45.26,69.51,Overvalued
ADANIENSOL,Adani Energy Solutions Ltd,Energy,2022,306303.52,354481.15,71.21,6.44,19.65,2.37,161.0,0.05,58.5,45.26,57.34,Overvalued
ADANIENSOL,Adani Energy Solutions Ltd,Energy,2023,263283.51,289260.77,28.96,13.96,8.07,2.07,-922.0,-0.35,58.5,45.26,-36.01,Undervalued
ADANIGREEN,Adani Green Energy Ltd,Energy,2019,485373.12,541878.15,29.07,10.49,5.01,0.27,-1041.0,-0.21,37.61,45.26,-35.77,Undervalued
ADANIGREEN,Adani Green Energy Ltd,Energy,2020,517543.72,664150.23,72.14,14.91,19.59,0.21,-1778.0,-0.34,37.61,45.26,59.39,Overvalued
ADANIGREEN,Adani Green Energy Ltd,Energy,2021,519085.0,607489.51,17.73,4.85,6.97,2.14,-7536.0,-1.45,37.61,45.26,-60.83,Undervalued
ADANIGREEN,Adani Green Energy Ltd,Energy,2023,449015.01,546204.41,9.89,6.92,25.56,4.31,3408.0,0.76,37.61,45.26,-78.15,Undervalued
ADANIPORTS,"Adani Ports & Special Economic Zone Ltd
",Industrials,2021,611152.14,782103.44,77.47,0.9,30.06,1.0,-6508.0,-1.06,48.9,48.9,58.43,Overvalued
ADANIPORTS,"Adani Ports & Special Economic Zone Ltd
",Industrials,2021,611152.14,782103.44,77.47,0.9,30.06,1.0,-6508.0,-1.06,48.9,48.9,58.43,Overvalued
ADANIPORTS,"Adani Ports & Special Economic Zone Ltd
",Industrials,2022,733808.16,915420.63,15.26,3.96,5.84,0.2,4927.0,0.67,48.9,48.9,-68.79,Undervalued
ADANIPORTS,"Adani Ports & Special Economic Zone Ltd
",Industrials,2022,733808.16,915420.63,15.26,3.96,5.84,0.2,4927.0,0.67,48.9,48.9,-68.79,Undervalued
ADANIPORTS,"Adani Ports & Special Economic Zone Ltd
",Industrials,2023,634603.85,774389.91,29.48,7.65,32.57,2.23,-4816.0,-0.76,48.9,48.9,-39.71,Undervalued
ADANIPORTS,"Adani Ports & Special Economic Zone Ltd
",Industrials,2023,634603.85,774389.91,29.48,7.65,32.57,2.23,-4816.0,-0.76,48.9,48.9,-39.71,Undervalued
ADANIPOWER,Adani Power Ltd,Energy,2019,1188256.85,1362538.77,27.22,4.37,35.21,0.06,4626.0,0.39,44.57,45.26,-39.86,Undervalued
AMBUJACEM,Ambuja Cements Ltd,Materials,2022,1157298.18,1368221.47,33.86,3.27,17.93,3.84,,,55.62,56.035,-39.57,Undervalued
APOLLOHOSP,"Apollo Hospitals
Chain of Indian private hospitals",Healthcare,2020,1275343.54,1525399.05,28.39,8.78,7.08,4.32,1004.0,0.08,47.72,47.06,-39.67,Undervalued
APOLLOHOSP,"Apollo Hospitals
Chain of Indian private hospitals",Healthcare,2021,1154138.06,1069918.55,11.18,6.7,8.4,3.35,385.0,0.03,47.72,47.06,-76.24,Undervalued
APOLLOHOSP,"Apollo Hospitals
Chain of Indian private hospitals",Healthcare,2023,1446203.76,1674544.0,17.38,12.98,28.27,3.2,520.0,0.04,47.72,47.06,-63.07,Undervalued
ASIANPAINT,"Asian Paints
Indian Multi-National Paint and Coating Manufacturing Company",Materials,2019,1065817.17,1060968.11,30.34,5.08,33.21,0.45,1552.0,0.15,49.2,56.035,-45.86,Undervalued
ASIANPAINT,"Asian Paints
Indian Multi-National Paint and Coating Manufacturing Company",Materials,2019,1065817.17,1060968.11,30.34,5.08,33.21,0.45,1552.0,0.15,49.2,56.035,-45.86,Undervalued
ASIANPAINT,"Asian Paints
Indian Multi-National Paint and Coating Manufacturing Company",Materials,2020,1148763.92,1230363.26,13.27,6.46,22.97,0.29,2520.0,0.22,49.2,56.035,-76.32,Undervalued
ASIANPAINT,"Asian Paints
Indian Multi-National Paint and Coating Manufacturing Company",Materials,2020,1148763.92,1230363.26,13.27,6.46,22.97,0.29,2520.0,0.22,49.2,56.035,-76.32,Undervalued
ATGL,Adani Total Gas Ltd,Energy,2019,1148243.4,1228379.56,21.14,0.81,10.15,4.39,,,31.800000000000004,45.26,-53.29,Undervalued
ATGL,Adani Total Gas Ltd,Energy,2020,1099356.08,1400593.18,22.78,14.0,27.91,0.51,,,31.800000000000004,45.26,-49.67,Undervalued
ATGL,Adani Total Gas Ltd,Energy,2022,1548060.05,1597088.78,74.55,14.11,6.42,0.07,,,31.800000000000004,45.26,64.71,Overvalued
ATGL,Adani Total Gas Ltd,Energy,2023,1644865.15,1868991.35,28.01,4.26,28.74,2.71,,,31.800000000000004,45.26,-38.11,Undervalued
AXISBANK,Axis Bank Ltd,Financials,2020,609012.03,554106.67,65.08,0.53,17.04,2.23,20931.0,3.44,47.88,32.9,97.81,Overvalued
AXISBANK,Axis Bank Ltd,Financials,2021,766941.69,947497.75,60.2,4.08,30.21,1.11,-41655.0,-5.43,47.88,32.9,82.98,Overvalued
AXISBANK,Axis Bank Ltd,Financials,2022,734196.42,821456.53,56.88,1.27,7.1,3.53,1025.0,0.14,47.88,32.9,72.89,Overvalued
BAJAJ-AUTO,Bajaj Auto Ltd,Consumer Discretionary,2020,351288.98,435411.55,79.31,9.65,32.77,0.07,5616.0,1.6,49.41,29.91,165.16,Overvalued
BAJAJ-AUTO,Bajaj Auto Ltd,Consumer Discretionary,2020,351288.98,435411.55,79.31,9.65,32.77,0.07,5616.0,1.6,49.41,29.91,165.16,Overvalued
BAJAJ-AUTO,Bajaj Auto Ltd,Consumer Discretionary,2021,453226.79,580864.47,49.41,11.43,22.95,1.29,251.0,0.06,49.41,29.91,65.2,Overvalued
BAJAJ-AUTO,Bajaj Auto Ltd,Consumer Discretionary,2021,453226.79,580864.47,49.41,11.43,22.95,1.29,251.0,0.06,49.41,29.91,65.2,Overvalued
BAJAJ-AUTO,Bajaj Auto Ltd,Consumer Discretionary,2022,578373.58,658614.05,49.72,10.06,34.96,3.29,4473.0,0.77,49.41,29.91,66.23,Overvalued
BAJAJ-AUTO,Bajaj Auto Ltd,Consumer Discretionary,2022,578373.58,658614.05,49.72,10.06,34.96,3.29,4473.0,0.77,49.41,29.91,66.23,Overvalued
BAJAJ-AUTO,Bajaj Auto Ltd,Consumer Discretionary,2023,552671.87,600604.78,78.58,8.54,37.84,3.66,6488.0,1.17,49.41,29.91,162.72,Overvalued
BAJAJ-AUTO,Bajaj Auto Ltd,Consumer Discretionary,2023,552671.87,600604.78,78.58,8.54,37.84,3.66,6488.0,1.17,49.41,29.91,162.72,Overvalued
BAJAJFINSV,Bajaj Finserv Ltd,Financials,2021,1489062.77,1474517.75,51.06,2.31,39.25,2.05,863.0,0.06,43.61,32.9,55.2,Overvalued
BAJAJFINSV,Bajaj Finserv Ltd,Financials,2022,1877835.72,2267409.89,59.39,12.5,8.52,3.05,-32225.0,-1.72,43.61,32.9,80.52,Overvalued
BAJAJFINSV,Bajaj Finserv Ltd,Financials,2023,1845750.3,2241384.41,76.89,13.57,9.02,1.66,-53425.0,-2.89,43.61,32.9,133.71,Overvalued
BAJAJFINSV,Bajaj Finserv Ltd,Financials,2024,1905112.17,1807796.2,15.07,6.08,39.72,2.56,-79634.0,-4.18,43.61,32.9,-54.19,Undervalued
BAJAJFINSV,Bajaj Finserv Ltd,Financials,2024,1905112.17,1807796.2,15.07,6.08,39.72,2.56,-79634.0,-4.18,43.61,32.9,-54.19,Undervalued
BAJAJHLDNG,Bajaj Holdings & Investment Ltd,Financials,2019,1014477.55,1181797.59,76.88,9.04,7.28,2.22,465.0,0.05,37.73,32.9,133.68,Overvalued
BAJAJHLDNG,Bajaj Holdings & Investment Ltd,Financials,2020,1365867.86,1440937.45,50.76,2.05,9.94,3.94,1120.0,0.08,37.73,32.9,54.29,Overvalued
BAJAJHLDNG,Bajaj Holdings & Investment Ltd,Financials,2022,1394489.39,1728870.12,79.41,5.56,9.53,0.65,1459.0,0.1,37.73,32.9,141.37,Overvalued
BAJFINANCE,Bajaj Finance Ltd,Financials,2019,865823.64,997880.37,58.62,5.53,16.56,1.21,-34441.0,-3.98,54.84,32.9,78.18,Overvalued
BAJFINANCE,Bajaj Finance Ltd,Financials,2022,1422060.71,1789716.47,54.84,11.71,26.45,2.36,-30743.0,-2.16,54.84,32.9,66.69,Overvalued
BAJFINANCE,Bajaj Finance Ltd,Financials,2023,1896088.83,1920855.51,19.1,4.67,26.51,0.83,-52506.0,-2.77,54.84,32.9,-41.95,Undervalued
BAJFINANCE,Bajaj Finance Ltd,Financials,2024,2473271.58,2632574.41,69.2,4.11,15.96,0.27,-79931.0,-3.23,54.84,32.9,110.33,Overvalued
BAJFINANCE,Bajaj Finance Ltd,Financials,2024,2473271.58,2632574.41,69.2,4.11,15.96,0.27,-79931.0,-3.23,54.84,32.9,110.33,Overvalued
BANKBARODA,Bank of Baroda,Financials,2020,471014.36,436331.44,71.63,11.42,18.25,2.88,18392.0,3.9,51.62,32.9,117.72,Overvalued
BANKBARODA,Bank of Baroda,Financials,2021,426745.64,503995.99,67.24,12.42,14.95,1.19,-1358.0,-0.32,51.62,32.9,104.38,Overvalued
BANKBARODA,Bank of Baroda,Financials,2022,473985.89,610071.44,74.28,5.71,32.29,4.15,2565.0,0.54,51.62,32.9,125.78,Overvalued
BANKBARODA,Bank of Baroda,Financials,2024,590971.02,656699.32,16.89,4.15,24.7,2.62,-7559.0,-1.28,51.62,32.9,-48.66,Undervalued
BEL,Bharat Electronics Ltd,Industrials,2019,770752.45,926042.39,73.48,7.9,30.16,4.11,618.0,0.08,52.67,48.9,50.27,Overvalued
BEL,Bharat Electronics Ltd,Industrials,2023,1055965.69,1261553.4,18.0,12.66,25.88,4.22,3907.0,0.37,52.67,48.9,-63.19,Undervalued
BEL,Bharat Electronics Ltd,Industrials,2024,1354781.06,1259877.04,17.89,9.22,23.14,0.76,-1265.0,-0.09,52.67,48.9,-63.42,Undervalued
BEL,Bharat Electronics Ltd,Industrials,2024,1354781.06,1259877.04,17.89,9.22,23.14,0.76,-1265.0,-0.09,52.67,48.9,-63.42,Undervalued
BHARTIARTL,Bharti Airtel Ltd,Communication Services,2020,196241.62,219777.99,79.6,5.46,17.05,0.6,-11469.0,-5.84,63.78,48.33,64.7,Overvalued
BHARTIARTL,Bharti Airtel Ltd,Communication Services,2021,232971.76,269937.54,15.3,7.28,28.35,2.22,20919.0,8.98,63.78,48.33,-68.34,Undervalued
BHEL,"Bharat Heavy Electricals Limited
",Industrials,2022,452493.05,503418.0,23.85,9.42,38.85,0.56,-458.0,-0.1,31.13,48.9,-51.23,Undervalued
BHEL,"Bharat Heavy Electricals Limited
",Industrials,2023,499389.38,459759.51,31.13,9.5,34.44,3.29,739.0,0.15,31.13,48.9,-36.34,Undervalued
BHEL,"Bharat Heavy Electricals Limited
",Industrials,2024,540053.85,682460.17,29.8,11.43,21.59,4.04,-2382.0,-0.44,31.13,48.9,-39.06,Undervalued
BHEL,"Bharat Heavy Electricals Limited
",Industrials,2024,540053.85,682460.17,29.8,11.43,21.59,4.04,-2382.0,-0.44,31.13,48.9,-39.06,Undervalued
BOSCHLTD,Bosch Ltd,Consumer Discretionary,2019,1557190.4,1534921.24,56.11,11.21,30.98,2.27,2359.0,0.15,37.83,29.91,87.6,Overvalued
BOSCHLTD,Bosch Ltd,Consumer Discretionary,2024,2599556.05,2628370.51,58.43,6.47,16.07,4.23,1536.0,0.06,37.83,29.91,95.35,Overvalued
BOSCHLTD,Bosch Ltd,Consumer Discretionary,2024,2599556.05,2628370.51,58.43,6.47,16.07,4.23,1536.0,0.06,37.83,29.91,95.35,Overvalued
BPCL,Bharat Petroleum Corporation Ltd,Energy,2019,417435.04,439524.17,25.37,3.65,15.58,3.89,-294.0,-0.07,35.8,45.26,-43.95,Undervalued
BPCL,Bharat Petroleum Corporation Ltd,Energy,2021,522915.18,574282.97,12.13,1.78,14.21,1.65,20981.0,4.01,35.8,45.26,-73.2,Undervalued
BPCL,Bharat Petroleum Corporation Ltd,Energy,2022,547313.57,518390.47,24.26,4.29,7.37,1.47,12198.0,2.23,35.8,45.26,-46.4,Undervalued
BPCL,Bharat Petroleum Corporation Ltd,Energy,2024,468662.13,606487.07,68.15,0.72,26.59,1.15,25415.0,5.42,35.8,45.26,50.57,Overvalued
BPCL,Bharat Petroleum Corporation Ltd,Energy,2024,468662.13,606487.07,68.15,0.72,26.59,1.15,25415.0,5.42,35.8,45.26,50.57,Overvalued
BRITANNIA,Britannia Industries Ltd,Consumer Staples,2020,240748.04,291227.45,33.6,0.62,30.7,4.5,-41.0,-0.02,39.95,50.95,-34.05,Undervalued
BRITANNIA,Britannia Industries Ltd,Consumer Staples,2021,253493.14,328072.69,18.2,4.8,10.98,2.14,2309.0,0.91,39.95,50.95,-64.28,Undervalued
BRITANNIA,Britannia Industries Ltd,Consumer Staples,2023,285063.86,344785.02,25.49,4.57,25.98,4.06,1019.0,0.36,39.95,50.95,-49.97,Undervalued
CANBK,Canara Bank,Financials,2022,289660.96,292542.15,74.19,6.84,37.94,1.77,-510.0,-0.18,34.745000000000005,32.9,125.5,Overvalued
CANBK,Canara Bank,Financials,2023,384057.8,487866.93,55.56,0.63,19.01,4.1,-41134.0,-10.71,34.745000000000005,32.9,68.88,Overvalued
CHOLAFIN,Cholamandalam Investment & Finance Company Ltd,Financials,2019,1617575.24,1531662.97,18.46,1.7,37.73,2.14,-9328.0,-0.58,23.52,32.9,-43.89,Undervalued
CHOLAFIN,Cholamandalam Investment & Finance Company Ltd,Financials,2022,1050124.13,1182829.42,53.32,1.23,15.17,3.83,-3931.0,-0.37,23.52,32.9,62.07,Overvalued
CHOLAFIN,Cholamandalam Investment & Finance Company Ltd,Financials,2024,971931.96,1024979.49,16.79,10.36,13.52,2.83,-38538.0,-3.97,23.52,32.9,-48.97,Undervalued
CHOLAFIN,Cholamandalam Investment & Finance Company Ltd,Financials,2024,971931.96,1024979.49,16.79,10.36,13.52,2.83,-38538.0,-3.97,23.52,32.9,-48.97,Undervalued
CIPLA,"Cipla Ltd
",Healthcare,2020,316481.63,343801.04,26.77,7.27,32.2,0.71,3182.0,1.01,59.75,47.06,-43.12,Undervalued
CIPLA,"Cipla Ltd
",Healthcare,2021,288521.14,290750.43,76.56,11.34,5.68,1.8,1381.0,0.48,59.75,47.06,62.69,Overvalued
COALINDIA,Coal India Ltd,Materials,2020,231042.15,251887.58,23.41,11.71,16.21,0.79,6010.0,2.6,34.27,56.035,-58.22,Undervalued
COALINDIA,Coal India Ltd,Materials,2022,359749.33,344720.77,10.93,0.98,21.27,0.37,15392.0,4.28,34.27,56.035,-80.49,Undervalued
COALINDIA,Coal India Ltd,Materials,2023,397912.96,410248.34,32.17,9.72,10.71,3.45,12269.0,3.08,34.27,56.035,-42.59,Undervalued
COALINDIA,Coal India Ltd,Materials,2024,454024.84,574785.39,34.27,14.75,25.15,4.38,13617.0,3.0,34.27,56.035,-38.84,Undervalued
COALINDIA,Coal India Ltd,Materials,2024,454024.84,574785.39,34.27,14.75,25.15,4.38,13617.0,3.0,34.27,56.035,-38.84,Undervalued
DABUR,Dabur India Ltd,Consumer Staples,2019,55182.65,67689.73,11.83,8.9,33.07,2.52,1837.0,3.33,50.95,50.95,-76.78,Undervalued
DABUR,Dabur India Ltd,Consumer Staples,2020,48665.96,57298.27,12.36,12.35,6.51,0.62,1097.0,2.25,50.95,50.95,-75.74,Undervalued
DABUR,Dabur India Ltd,Consumer Staples,2021,48060.25,55430.1,78.3,2.21,9.99,1.66,711.0,1.48,50.95,50.95,53.68,Overvalued
DABUR,Dabur India Ltd,Consumer Staples,2022,60945.67,66241.38,31.16,8.64,14.12,1.81,529.0,0.87,50.95,50.95,-38.84,Undervalued
DIVISLAB,Divis Laboratories Ltd,Healthcare,2019,1011018.76,1179809.82,74.55,13.82,30.19,0.22,269.0,0.03,56.9,47.06,58.41,Overvalued
DIVISLAB,Divis Laboratories Ltd,Healthcare,2020,1300303.75,1512398.18,30.35,3.22,9.07,0.23,1133.0,0.09,56.9,47.06,-35.51,Undervalued
DIVISLAB,Divis Laboratories Ltd,Healthcare,2021,1595539.83,1586504.61,9.75,6.26,21.89,0.76,2022.0,0.13,56.9,47.06,-79.28,Undervalued
DIVISLAB,Divis Laboratories Ltd,Healthcare,2023,1318782.9,1394258.36,15.26,3.01,17.21,1.48,-248.0,-0.02,56.9,47.06,-67.57,Undervalued
DLF,DLF Ltd,Real Estate,2019,1162826.35,1104410.24,11.24,14.12,15.78,4.13,2046.0,0.18,46.26,49.105000000000004,-77.11,Undervalued
DLF,DLF Ltd,Real Estate,2022,1348234.63,1495730.62,16.81,4.75,14.05,3.78,3099.0,0.23,46.26,49.105000000000004,-65.77,Undervalued
DMART,Avenue Supermarts Ltd,Consumer Discretionary,2019,1847236.39,2290853.98,67.17,4.98,36.17,4.24,-151.0,-0.01,53.49,29.91,124.57,Overvalued
DMART,Avenue Supermarts Ltd,Consumer Discretionary,2021,2294356.77,2489455.16,14.9,12.05,11.12,0.52,265.0,0.01,53.49,29.91,-50.18,Undervalued
DMART,Avenue Supermarts Ltd,Consumer Discretionary,2022,2664977.29,2823430.83,12.31,5.66,32.01,2.77,83.0,0.0,53.49,29.91,-58.84,Undervalued
DMART,Avenue Supermarts Ltd,Consumer Discretionary,2023,2748638.95,2684655.9,53.49,13.37,27.62,3.66,317.0,0.01,53.49,29.91,78.84,Overvalued
DMART,Avenue Supermarts Ltd,Consumer Discretionary,2024,3053088.97,3624591.94,72.53,11.71,36.84,1.94,278.0,0.01,53.49,29.91,142.49,Overvalued
DMART,Avenue Supermarts Ltd,Consumer Discretionary,2024,3053088.97,3624591.94,72.53,11.71,36.84,1.94,278.0,0.01,53.49,29.91,142.49,Overvalued
DRREDDY,Dr Reddys Laboratories Ltd,Healthcare,2019,1574961.99,1965583.28,10.84,10.04,34.68,0.78,2101.0,0.13,11.73,47.06,-76.97,Undervalued
DRREDDY,Dr Reddys Laboratories Ltd,Healthcare,2020,1859862.32,2287596.96,28.73,6.38,24.93,2.34,2489.0,0.13,11.73,47.06,-38.95,Undervalued
DRREDDY,Dr Reddys Laboratories Ltd,Healthcare,2021,1617326.41,1519427.76,15.23,4.3,13.61,3.34,1315.0,0.08,11.73,47.06,-67.64,Undervalued
DRREDDY,Dr Reddys Laboratories Ltd,Healthcare,2022,1837884.76,2215736.28,13.03,7.54,16.33,3.82,246.0,0.01,11.73,47.06,-72.31,Undervalued
DRREDDY,Dr Reddys Laboratories Ltd,Healthcare,2023,2212619.5,2760692.84,11.34,10.95,23.9,3.71,1779.0,0.08,11.73,47.06,-75.9,Undervalued
DRREDDY,Dr Reddys Laboratories Ltd,Healthcare,2024,2441803.28,2725256.67,11.73,10.19,14.56,0.09,509.0,0.02,11.73,47.06,-75.07,Undervalued
DRREDDY,Dr Reddys Laboratories Ltd,Healthcare,2024,2441803.28,2725256.67,11.73,10.19,14.56,0.09,509.0,0.02,11.73,47.06,-75.07,Undervalued
EICHERMOT,Eicher Motors Ltd,Consumer Discretionary,2019,138608.74,143935.61,70.5,14.42,38.01,3.97,915.0,0.66,18.91,29.91,135.71,Overvalued
EICHERMOT,Eicher Motors Ltd,Consumer Discretionary,2020,179834.03,182640.02,18.91,9.77,22.08,0.44,186.0,0.1,18.91,29.91,-36.78,Undervalued
EICHERMOT,Eicher Motors Ltd,Consumer Discretionary,2021,213781.42,240534.88,70.14,9.33,25.09,1.98,66.0,0.03,18.91,29.91,134.5,Overvalued
EICHERMOT,Eicher Motors Ltd,Consumer Discretionary,2022,231181.84,296317.9,17.97,6.97,27.95,1.95,544.0,0.24,18.91,29.91,-39.92,Undervalued
EICHERMOT,Eicher Motors Ltd,Consumer Discretionary,2024,222391.83,234358.89,15.62,13.61,19.29,4.41,890.0,0.4,18.91,29.91,-47.78,Undervalued
EICHERMOT,Eicher Motors Ltd,Consumer Discretionary,2024,222391.83,234358.89,15.62,13.61,19.29,4.41,890.0,0.4,18.91,29.91,-47.78,Undervalued
GAIL,GAIL (India) Ltd,Energy,2019,665248.74,666947.87,13.48,0.96,26.22,1.4,2283.0,0.34,25.86,45.26,-70.22,Undervalued
GAIL,GAIL (India) Ltd,Energy,2020,712986.95,875162.11,25.86,4.98,34.59,2.22,46.0,0.01,25.86,45.26,-42.86,Undervalued
GAIL,GAIL (India) Ltd,Energy,2023,1135214.39,1121733.01,30.66,11.93,18.04,1.61,-4248.0,-0.37,25.86,45.26,-32.26,Undervalued
GAIL,GAIL (India) Ltd,Energy,2024,1531867.57,1613856.89,25.84,9.54,33.07,0.31,4360.0,0.28,25.86,45.26,-42.91,Undervalued
GAIL,GAIL (India) Ltd,Energy,2024,1531867.57,1613856.89,25.84,9.54,33.07,0.31,4360.0,0.28,25.86,45.26,-42.91,Undervalued
GODREJCP,Godrej Consumer Products Ltd,Consumer Staples,2019,807328.65,896565.06,26.5,4.95,21.35,4.17,2003.0,0.25,33.59,50.95,-47.99,Undervalued
GODREJCP,Godrej Consumer Products Ltd,Consumer Staples,2021,1140203.87,1473894.68,19.23,4.8,17.68,1.47,1738.0,0.15,33.59,50.95,-62.26,Undervalued
GODREJCP,Godrej Consumer Products Ltd,Consumer Staples,2024,1327797.2,1350416.57,33.59,8.07,23.55,3.09,-1365.0,-0.1,33.59,50.95,-34.07,Undervalued
GODREJCP,Godrej Consumer Products Ltd,Consumer Staples,2024,1327797.2,1350416.57,33.59,8.07,23.55,3.09,-1365.0,-0.1,33.59,50.95,-34.07,Undervalued
GRASIM,Grasim Industries Ltd,Industrials,2020,362884.74,445840.81,23.28,10.84,11.26,0.08,5256.0,1.45,56.71,48.9,-52.39,Undervalued
GRASIM,Grasim Industries Ltd,Industrials,2021,337446.27,354587.01,15.68,3.37,31.76,3.46,7929.0,2.35,56.71,48.9,-67.93,Undervalued
GRASIM,Grasim Industries Ltd,Industrials,2024,478951.82,601673.21,79.35,5.68,15.23,0.98,-33833.0,-7.06,56.71,48.9,62.27,Overvalued
GRASIM,Grasim Industries Ltd,Industrials,2024,478951.82,601673.21,79.35,5.68,15.23,0.98,-33833.0,-7.06,56.71,48.9,62.27,Overvalued
HAL,Hindustan Aeronautics Ltd,Industrials,2021,1800174.45,2098463.2,8.56,2.01,35.03,0.38,13934.0,0.77,56.05,48.9,-82.49,Undervalued
HAL,Hindustan Aeronautics Ltd,Industrials,2023,2122373.86,2704291.55,11.8,2.43,27.48,3.62,3102.0,0.15,56.05,48.9,-75.87,Undervalued
HAVELLS,Havells India Ltd,Industrials,2020,1749780.42,1713551.51,10.08,13.71,36.18,0.98,279.0,0.02,45.41,48.9,-79.39,Undervalued
HAVELLS,Havells India Ltd,Industrials,2021,2169908.17,1994561.94,28.52,9.54,31.71,0.05,-103.0,-0.0,45.41,48.9,-41.68,Undervalued
HAVELLS,Havells India Ltd,Industrials,2022,2198343.31,2166991.03,79.91,10.23,19.2,0.34,969.0,0.04,45.41,48.9,63.42,Overvalued
HCLTECH,HCL Technologies Ltd,Information Technology,2023,385586.15,451405.41,9.19,2.28,10.69,3.4,14436.0,3.74,63.63,60.515,-84.81,Undervalued
HDFCBANK,HDFC Bank Ltd,Financials,2019,578281.57,743657.34,63.58,0.79,38.51,3.49,-64375.0,-11.13,31.840000000000003,32.9,93.25,Overvalued
HDFCBANK,HDFC Bank Ltd,Financials,2021,573615.98,564871.82,11.64,8.0,17.14,2.44,40653.0,7.09,31.840000000000003,32.9,-64.62,Undervalued
HDFCBANK,HDFC Bank Ltd,Financials,2022,759039.45,726665.0,8.14,1.61,21.19,3.18,-14011.0,-1.85,31.840000000000003,32.9,-75.26,Undervalued
HDFCBANK,HDFC Bank Ltd,Financials,2024,808359.03,976938.14,49.42,4.4,22.54,4.33,35669.0,4.41,31.840000000000003,32.9,50.21,Overvalued
HDFCLIFE,HDFC Life Insurance Company Ltd,Financials,2019,33844.59,36530.23,53.97,3.58,37.6,2.89,-314.0,-0.93,50.59,32.9,64.04,Overvalued
HDFCLIFE,HDFC Life Insurance Company Ltd,Financials,2020,43616.06,44999.88,67.68,5.98,13.85,4.1,-401.0,-0.92,50.59,32.9,105.71,Overvalued
HDFCLIFE,HDFC Life Insurance Company Ltd,Financials,2022,33360.23,36651.77,61.1,11.85,10.53,1.89,5142.0,15.41,50.59,32.9,85.71,Overvalued
HDFCLIFE,HDFC Life Insurance Company Ltd,Financials,2024,47027.6,42921.31,50.59,11.28,31.63,3.22,-2893.0,-6.15,50.59,32.9,53.77,Overvalued
HDFCLIFE,HDFC Life Insurance Company Ltd,Financials,2024,47027.6,42921.31,50.59,11.28,31.63,3.22,-2893.0,-6.15,50.59,32.9,53.77,Overvalued
HEROMOTOCO,"Hero MotoCorp Ltd
",Consumer Discretionary,2019,959580.91,1068641.74,64.37,1.86,5.42,3.67,2330.0,0.24,56.18,29.91,115.21,Overvalued
HEROMOTOCO,"Hero MotoCorp Ltd
",Consumer Discretionary,2020,1157395.82,1232490.63,75.71,11.62,38.88,4.18,2699.0,0.23,56.18,29.91,153.13,Overvalued
HEROMOTOCO,"Hero MotoCorp Ltd
",Consumer Discretionary,2021,1262310.05,1517149.73,56.18,12.27,32.57,0.69,1821.0,0.14,56.18,29.91,87.83,Overvalued
HEROMOTOCO,"Hero MotoCorp Ltd
",Consumer Discretionary,2022,1220486.89,1228166.97,66.93,12.26,22.34,2.61,1882.0,0.15,56.18,29.91,123.77,Overvalued
HEROMOTOCO,"Hero MotoCorp Ltd
",Consumer Discretionary,2023,1542037.68,1580646.36,11.61,7.5,36.98,3.56,2193.0,0.14,56.18,29.91,-61.18,Undervalued
HEROMOTOCO,"Hero MotoCorp Ltd
",Consumer Discretionary,2024,1593400.88,1475343.49,53.86,12.6,28.27,1.91,3095.0,0.19,56.18,29.91,80.07,Overvalued
HEROMOTOCO,"Hero MotoCorp Ltd
",Consumer Discretionary,2024,1593400.88,1475343.49,53.86,12.6,28.27,1.91,3095.0,0.19,56.18,29.91,80.07,Overvalued
HINDALCO,Hindalco Industries Ltd,Materials,2019,247258.14,249825.5,24.15,12.33,39.34,2.97,6521.0,2.64,56.45,56.035,-56.9,Undervalued
HINDALCO,Hindalco Industries Ltd,Materials,2020,287414.16,295396.33,9.47,3.28,25.46,0.68,5518.0,1.92,56.45,56.035,-83.1,Undervalued
HINDUNILVR,"Hindustan Unilever Ltd
",Consumer Staples,2019,366409.11,343817.47,13.37,1.78,25.05,1.79,5362.0,1.46,22.92,50.95,-73.76,Undervalued
HINDUNILVR,"Hindustan Unilever Ltd
",Consumer Staples,2020,365239.67,374855.61,22.92,6.47,12.11,3.14,9414.0,2.58,22.92,50.95,-55.01,Undervalued
HINDUNILVR,"Hindustan Unilever Ltd
",Consumer Staples,2021,333086.26,426116.2,14.47,14.18,34.17,3.06,7935.0,2.38,22.92,50.95,-71.6,Undervalued
HINDUNILVR,"Hindustan Unilever Ltd
",Consumer Staples,2022,435060.89,415782.26,20.69,4.16,13.57,1.4,7320.0,1.68,22.92,50.95,-59.39,Undervalued
HINDUNILVR,"Hindustan Unilever Ltd
",Consumer Staples,2023,495019.01,451095.5,35.52,4.07,26.23,4.43,8507.0,1.72,22.92,50.95,-30.28,Undervalued
HINDUNILVR,"Hindustan Unilever Ltd
",Consumer Staples,2024,548890.59,587463.38,34.51,11.88,7.52,4.32,10145.0,1.85,22.92,50.95,-32.27,Undervalued
HINDUNILVR,"Hindustan Unilever Ltd
",Consumer Staples,2024,548890.59,587463.38,34.51,11.88,7.52,4.32,10145.0,1.85,22.92,50.95,-32.27,Undervalued
ICICIBANK,ICICI Bank Ltd,Financials,2019,634101.51,817754.59,75.38,9.81,5.65,3.37,18389.0,2.9,50.57,32.9,129.12,Overvalued
ICICIBANK,ICICI Bank Ltd,Financials,2020,645375.01,681072.05,19.43,8.09,31.06,1.23,37470.0,5.81,50.57,32.9,-40.94,Undervalued
ICICIBANK,ICICI Bank Ltd,Financials,2021,851486.14,832663.82,12.77,9.84,34.73,4.29,74384.0,8.74,50.57,32.9,-61.19,Undervalued
ICICIBANK,ICICI Bank Ltd,Financials,2022,1050380.96,1029226.29,78.39,13.83,10.71,2.51,18663.0,1.78,50.57,32.9,138.27,Overvalued
ICICIBANK,ICICI Bank Ltd,Financials,2023,1184576.28,1275805.13,78.87,1.36,26.95,0.92,-71460.0,-6.03,50.57,32.9,139.73,Overvalued
ICICIGI,ICICI Lombard General Insurance Company Ltd,Financials,2019,827632.41,885667.8,63.73,12.4,13.56,2.98,120.0,0.01,49.0,32.9,93.71,Overvalued
ICICIGI,ICICI Lombard General Insurance Company Ltd,Financials,2021,816329.22,994705.97,55.8,11.08,15.76,1.18,407.0,0.05,49.0,32.9,69.6,Overvalued
ICICIGI,ICICI Lombard General Insurance Company Ltd,Financials,2022,939135.7,920383.85,66.71,8.08,12.94,2.81,944.0,0.1,49.0,32.9,102.77,Overvalued
ICICIGI,ICICI Lombard General Insurance Company Ltd,Financials,2023,1242023.75,1158606.81,15.87,12.74,8.84,0.18,605.0,0.05,49.0,32.9,-51.76,Undervalued
ICICIPRULI,ICICI Prudential Life Insurance Company Ltd,Financials,2019,1606002.47,1499575.64,76.8,0.56,32.16,0.14,3818.0,0.24,36.03,32.9,133.43,Overvalued
ICICIPRULI,ICICI Prudential Life Insurance Company Ltd,Financials,2022,1702653.91,2014418.94,71.57,4.53,11.31,3.42,1015.0,0.06,36.03,32.9,117.54,Overvalued
ICICIPRULI,ICICI Prudential Life Insurance Company Ltd,Financials,2023,1603509.84,1469620.08,52.59,3.98,11.01,4.42,-1056.0,-0.07,36.03,32.9,59.85,Overvalued
ICICIPRULI,ICICI Prudential Life Insurance Company Ltd,Financials,2024,1596987.55,2014403.87,20.83,12.38,22.57,0.35,105.0,0.01,36.03,32.9,-36.69,Undervalued
ICICIPRULI,ICICI Prudential Life Insurance Company Ltd,Financials,2024,1596987.55,2014403.87,20.83,12.38,22.57,0.35,105.0,0.01,36.03,32.9,-36.69,Undervalued
INDIGO,Interglobe Aviation Ltd,Consumer Discretionary,2019,1427895.35,1378214.29,60.24,6.95,31.39,3.21,634.0,0.04,55.98,29.91,101.4,Overvalued
INDIGO,Interglobe Aviation Ltd,Consumer Discretionary,2021,1055244.71,1249885.41,51.42,10.87,36.66,0.66,1608.0,0.15,55.98,29.91,71.92,Overvalued
INDIGO,Interglobe Aviation Ltd,Consumer Discretionary,2022,1034978.53,1343725.41,19.25,10.95,30.38,3.07,3591.0,0.35,55.98,29.91,-35.64,Undervalued
INDIGO,Interglobe Aviation Ltd,Consumer Discretionary,2023,997429.81,983519.28,55.98,3.2,28.15,2.22,8664.0,0.87,55.98,29.91,87.16,Overvalued
INDIGO,Interglobe Aviation Ltd,Consumer Discretionary,2024,1040632.92,1061542.29,76.23,7.87,24.64,4.27,9424.0,0.91,55.98,29.91,154.86,Overvalued
INDIGO,Interglobe Aviation Ltd,Consumer Discretionary,2024,1040632.92,1061542.29,76.23,7.87,24.64,4.27,9424.0,0.91,55.98,29.91,154.86,Overvalued
INDUSINDBK,IndusInd Bank Ltd,Financials,2019,1305732.17,1230713.54,68.96,5.36,33.37,3.85,-7022.0,-0.54,56.0,32.9,109.6,Overvalued
INDUSINDBK,IndusInd Bank Ltd,Financials,2020,1287117.57,1368891.05,60.27,1.94,31.44,0.5,-11513.0,-0.89,56.0,32.9,83.19,Overvalued
INDUSINDBK,IndusInd Bank Ltd,Financials,2021,1682555.96,1700282.89,49.44,2.2,14.43,1.82,44420.0,2.64,56.0,32.9,50.27,Overvalued
INDUSINDBK,IndusInd Bank Ltd,Financials,2022,1839916.06,1655974.13,71.98,0.61,32.08,2.12,16249.0,0.88,56.0,32.9,118.78,Overvalued
INDUSINDBK,IndusInd Bank Ltd,Financials,2023,2045876.29,2011722.82,51.73,8.29,10.75,1.07,-12879.0,-0.63,56.0,32.9,57.23,Overvalued
INDUSINDBK,IndusInd Bank Ltd,Financials,2024,1807433.12,1674611.06,8.99,3.7,28.79,1.42,-17468.0,-0.97,56.0,32.9,-72.67,Undervalued
INFY,Infosys Ltd,Information Technology,2019,473902.69,535599.26,32.63,10.31,30.95,2.63,14209.0,3.0,35.99,60.515,-46.08,Undervalued
INFY,Infosys Ltd,Information Technology,2020,468232.33,516667.75,26.14,13.59,31.82,2.22,16672.0,3.56,35.99,60.515,-56.8,Undervalued
INFY,Infosys Ltd,Information Technology,2021,624026.61,698099.93,31.65,1.88,24.03,3.87,15851.0,2.54,35.99,60.515,-47.7,Undervalued
INFY,Infosys Ltd,Information Technology,2022,800850.39,914432.46,36.33,9.93,31.67,1.85,17400.0,2.17,35.99,60.515,-39.97,Undervalued
INFY,Infosys Ltd,Information Technology,2024,1112279.92,1372029.68,35.99,8.97,36.7,4.1,20117.0,1.81,35.99,60.515,-40.53,Undervalued
INFY,Infosys Ltd,Information Technology,2024,1112279.92,1372029.68,35.99,8.97,36.7,4.1,20117.0,1.81,35.99,60.515,-40.53,Undervalued
IOC,"Indian Oil Corporation
",Energy,2019,1122574.59,1338235.9,15.28,13.46,10.22,2.98,-9822.0,-0.87,47.71,45.26,-66.24,Undervalued
IOC,"Indian Oil Corporation
",Energy,2022,1605938.54,1867479.2,79.84,7.17,29.72,3.59,4453.0,0.28,47.71,45.26,76.4,Overvalued
IOC,"Indian Oil Corporation
",Energy,2023,1666992.08,1805135.73,77.78,0.97,16.74,2.19,1614.0,0.1,47.71,45.26,71.85,Overvalued
IOC,"Indian Oil Corporation
",Energy,2024,1418164.33,1786391.89,28.61,4.24,33.71,1.25,39635.0,2.79,47.71,45.26,-36.79,Undervalued
IOC,"Indian Oil Corporation
",Energy,2024,1418164.33,1786391.89,28.61,4.24,33.71,1.25,39635.0,2.79,47.71,45.26,-36.79,Undervalued
IRCTC,Indian Railway Catering & Tourism Corporation Ltd,Consumer Discretionary,2019,1245806.34,1516134.78,64.3,1.79,7.79,1.38,146.0,0.01,54.75,29.91,114.98,Overvalued
IRCTC,Indian Railway Catering & Tourism Corporation Ltd,Consumer Discretionary,2021,1100112.67,1076001.77,54.75,10.26,34.02,3.94,-205.0,-0.02,54.75,29.91,83.05,Overvalued
IRCTC,Indian Railway Catering & Tourism Corporation Ltd,Consumer Discretionary,2022,1322589.51,1554041.66,12.08,2.09,33.44,1.05,282.0,0.02,54.75,29.91,-59.61,Undervalued
IRCTC,Indian Railway Catering & Tourism Corporation Ltd,Consumer Discretionary,2024,1258520.29,1473943.68,60.44,5.74,32.47,1.08,667.0,0.05,54.75,29.91,102.07,Overvalued
IRCTC,Indian Railway Catering & Tourism Corporation Ltd,Consumer Discretionary,2024,1258520.29,1473943.68,60.44,5.74,32.47,1.08,667.0,0.05,54.75,29.91,102.07,Overvalued
IRFC,Indian Railway Finance Corporation Ltd,Financials,2021,1481705.69,1855967.59,74.92,11.42,32.61,1.97,-89907.0,-6.07,35.23,32.9,127.72,Overvalued
IRFC,Indian Railway Finance Corporation Ltd,Financials,2023,2059203.5,1915513.33,52.73,4.09,36.61,0.49,-28588.0,-1.39,35.23,32.9,60.27,Overvalued
IRFC,Indian Railway Finance Corporation Ltd,Financials,2024,2618348.58,2449260.08,9.81,3.91,16.66,2.82,7906.0,0.3,35.23,32.9,-70.18,Undervalued
IRFC,Indian Railway Finance Corporation Ltd,Financials,2024,2618348.58,2449260.08,9.81,3.91,16.66,2.82,7906.0,0.3,35.23,32.9,-70.18,Undervalued
ITC,"ITC Ltd
",Consumer Staples,2022,390285.11,436594.31,33.63,11.99,27.18,3.1,13538.0,3.47,55.53,50.95,-33.99,Undervalued
JINDALSTEL,Jindal Steel & Power Ltd,Materials,2019,399948.98,518743.74,29.77,10.36,13.1,2.48,8195.0,2.05,47.36,56.035,-46.87,Undervalued
JINDALSTEL,Jindal Steel & Power Ltd,Materials,2020,417203.18,535952.43,39.16,8.97,38.07,4.45,7338.0,1.76,47.36,56.035,-30.12,Undervalued
JINDALSTEL,Jindal Steel & Power Ltd,Materials,2021,375828.8,463670.62,35.51,9.13,18.13,1.81,10077.0,2.68,47.36,56.035,-36.63,Undervalued
JIOFIN,Jio Financial Services Ltd,Financials,2019,538148.59,617305.58,12.61,12.66,11.55,4.41,,,34.24,32.9,-61.67,Undervalued
JIOFIN,Jio Financial Services Ltd,Financials,2020,558776.67,640682.07,13.6,5.5,33.08,2.15,,,34.24,32.9,-58.66,Undervalued
JIOFIN,Jio Financial Services Ltd,Financials,2021,727695.83,822336.58,74.86,14.75,20.89,2.54,,,34.24,32.9,127.54,Overvalued
JIOFIN,Jio Financial Services Ltd,Financials,2022,922325.59,911823.25,70.04,9.08,30.39,0.36,,,34.24,32.9,112.89,Overvalued
JIOFIN,Jio Financial Services Ltd,Financials,2023,1137314.0,1164967.52,65.98,7.88,14.61,4.29,945.0,0.08,34.24,32.9,100.55,Overvalued
JSWENERGY,JSW Energy Ltd,Energy,2021,66726.89,76914.23,71.29,3.09,30.82,0.11,2670.0,4.0,36.57,45.26,57.51,Overvalued
JSWENERGY,JSW Energy Ltd,Energy,2024,110870.53,124622.6,24.79,9.88,35.95,1.25,-1963.0,-1.77,36.57,45.26,-45.23,Undervalued
JSWENERGY,JSW Energy Ltd,Energy,2024,110870.53,124622.6,24.79,9.88,35.95,1.25,-1963.0,-1.77,36.57,45.26,-45.23,Undervalued
JSWSTEEL,JSW Steel Ltd,Materials,2019,1475187.02,1347624.91,35.01,7.86,30.61,1.29,3246.0,0.22,36.76,56.035,-37.52,Undervalued
JSWSTEEL,JSW Steel Ltd,Materials,2020,1978764.31,2322705.01,34.84,1.91,11.35,2.19,-6804.0,-0.34,36.76,56.035,-37.82,Undervalued
JSWSTEEL,JSW Steel Ltd,Materials,2022,2278384.96,2746916.82,36.76,12.62,39.17,2.73,11522.0,0.51,36.76,56.035,-34.4,Undervalued
JSWSTEEL,JSW Steel Ltd,Materials,2023,2101814.77,2210837.76,8.68,9.24,33.75,2.83,12593.0,0.6,36.76,56.035,-84.51,Undervalued
KOTAKBANK,"Kotak Mahindra Bank Ltd
",Financials,2019,588705.26,753585.68,49.36,12.73,14.15,1.87,-1501.0,-0.25,46.535,32.9,50.03,Overvalued
KOTAKBANK,"Kotak Mahindra Bank Ltd
",Financials,2022,455106.0,483040.86,73.13,3.75,28.96,0.64,-2595.0,-0.57,46.535,32.9,122.28,Overvalued
KOTAKBANK,"Kotak Mahindra Bank Ltd
",Financials,2023,467372.62,480678.67,75.47,6.71,29.17,2.71,-11623.0,-2.49,46.535,32.9,129.39,Overvalued
LICI,Life Insurance Corporation of India,Financials,2019,166637.32,173087.14,53.3,0.6,39.37,0.77,22910.0,13.75,30.67,32.9,62.01,Overvalued
LICI,Life Insurance Corporation of India,Financials,2020,196576.3,233201.16,20.36,2.12,10.34,1.11,13952.0,7.1,30.67,32.9,-38.12,Undervalued
LICI,Life Insurance Corporation of India,Financials,2022,171741.93,179309.03,13.18,2.48,28.3,3.12,8748.0,5.09,30.67,32.9,-59.94,Undervalued
LICI,Life Insurance Corporation of India,Financials,2023,204112.31,228780.25,76.58,7.85,20.73,1.11,1671.0,0.82,30.67,32.9,132.77,Overvalued
LODHA,Macrotech Developers Ltd,Real Estate,2022,1322559.29,1261563.26,13.49,1.97,18.41,1.52,3137.0,0.24,51.95,49.105000000000004,-72.53,Undervalued
LT,Larsen & Toubro Ltd,Industrials,2020,606183.52,582692.86,18.62,6.6,10.51,3.85,-1714.0,-0.28,29.41,48.9,-61.92,Undervalued
LT,Larsen & Toubro Ltd,Industrials,2021,690472.41,723135.04,13.01,9.07,9.08,3.34,17324.0,2.51,29.41,48.9,-73.39,Undervalued
LT,Larsen & Toubro Ltd,Industrials,2022,864042.71,965645.93,18.77,11.91,15.77,1.0,15579.0,1.8,29.41,48.9,-61.62,Undervalued
LT,Larsen & Toubro Ltd,Industrials,2023,937726.82,1190030.19,29.41,13.63,6.88,0.38,14729.0,1.57,29.41,48.9,-39.86,Undervalued
LT,Larsen & Toubro Ltd,Industrials,2024,1124597.5,1097873.76,30.8,2.48,16.63,1.26,20445.0,1.82,29.41,48.9,-37.01,Undervalued
LT,Larsen & Toubro Ltd,Industrials,2024,1124597.5,1097873.76,30.8,2.48,16.63,1.26,20445.0,1.82,29.41,48.9,-37.01,Undervalued
LTIM,LTIMindtree Ltd,Information Technology,2021,1325692.27,1604670.91,30.49,14.47,39.4,3.0,743.0,0.06,61.37,60.515,-49.62,Undervalued
M&M,"Mahindra & Mahindra Ltd
",Consumer Discretionary,2019,1707695.34,2021410.72,76.49,7.02,9.79,3.01,-11521.0,-0.67,34.84,29.91,155.73,Overvalued
M&M,"Mahindra & Mahindra Ltd
",Consumer Discretionary,2020,2271322.15,2677621.8,65.84,6.63,8.38,0.76,-8327.0,-0.37,34.84,29.91,120.13,Overvalued
M&M,"Mahindra & Mahindra Ltd
",Consumer Discretionary,2021,3046586.67,3342939.51,8.87,14.35,22.42,3.76,-1777.0,-0.06,34.84,29.91,-70.34,Undervalued
M&M,"Mahindra & Mahindra Ltd
",Consumer Discretionary,2022,3425061.3,3221889.8,52.32,14.96,6.22,3.79,5996.0,0.18,34.84,29.91,74.92,Overvalued
M&M,"Mahindra & Mahindra Ltd
",Consumer Discretionary,2024,4173085.48,3837414.39,14.22,0.81,29.08,2.37,-11245.0,-0.27,34.84,29.91,-52.46,Undervalued
M&M,"Mahindra & Mahindra Ltd
",Consumer Discretionary,2024,4173085.48,3837414.39,14.22,0.81,29.08,2.37,-11245.0,-0.27,34.84,29.91,-52.46,Undervalued
MARUTI,Maruti Suzuki India Ltd,Consumer Discretionary,2019,1445154.02,1428864.0,65.97,4.77,37.75,1.13,3061.0,0.21,20.78,29.91,120.56,Overvalued
MARUTI,Maruti Suzuki India Ltd,Consumer Discretionary,2020,1349572.01,1480925.31,11.64,1.03,22.36,0.97,2939.0,0.22,20.78,29.91,-61.08,Undervalued
MARUTI,Maruti Suzuki India Ltd,Consumer Discretionary,2023,1507366.44,1474615.02,14.7,14.19,31.01,1.41,1995.0,0.13,20.78,29.91,-50.85,Undervalued
MARUTI,Maruti Suzuki India Ltd,Consumer Discretionary,2024,1503863.63,1891991.87,20.78,8.26,29.97,1.78,4936.0,0.33,20.78,29.91,-30.52,Undervalued
MARUTI,Maruti Suzuki India Ltd,Consumer Discretionary,2024,1503863.63,1891991.87,20.78,8.26,29.97,1.78,4936.0,0.33,20.78,29.91,-30.52,Undervalued
MOTHERSON,Samvardhana Motherson International Ltd,Consumer Discretionary,2019,62318.66,78566.59,45.66,12.32,24.45,4.25,994.0,1.6,30.92,29.91,52.66,Overvalued
MOTHERSON,Samvardhana Motherson International Ltd,Consumer Discretionary,2022,136555.49,157086.66,76.33,10.98,30.36,2.66,159.0,0.12,30.92,29.91,155.2,Overvalued
MOTHERSON,Samvardhana Motherson International Ltd,Consumer Discretionary,2024,146151.16,161406.34,9.54,2.38,33.39,2.18,925.0,0.63,30.92,29.91,-68.1,Undervalued
MOTHERSON,Samvardhana Motherson International Ltd,Consumer Discretionary,2024,146151.16,161406.34,9.54,2.38,33.39,2.18,925.0,0.63,30.92,29.91,-68.1,Undervalued
NAUKRI,Info Edge (India) Ltd,Communication Services,2019,241741.48,242045.98,24.1,14.39,17.67,0.21,217.0,0.09,32.88,48.33,-50.13,Undervalued
NAUKRI,Info Edge (India) Ltd,Communication Services,2020,322764.36,393106.28,26.32,6.43,35.18,1.61,447.0,0.14,32.88,48.33,-45.54,Undervalued
NAUKRI,Info Edge (India) Ltd,Communication Services,2024,563824.44,544283.76,32.88,8.33,11.87,4.29,-150.0,-0.03,32.88,48.33,-31.97,Undervalued
NAUKRI,Info Edge (India) Ltd,Communication Services,2024,563824.44,544283.76,32.88,8.33,11.87,4.29,-150.0,-0.03,32.88,48.33,-31.97,Undervalued
NESTLEIND,Nestle India Ltd,Consumer Staples,2020,1106130.85,1267509.76,79.55,5.8,24.33,1.48,2133.0,0.19,54.96,50.95,56.13,Overvalued
NESTLEIND,Nestle India Ltd,Consumer Staples,2021,1425221.19,1775599.1,20.87,13.55,10.3,0.43,316.0,0.02,54.96,50.95,-59.04,Undervalued
NESTLEIND,Nestle India Ltd,Consumer Staples,2023,1811624.04,1823644.1,11.53,1.76,33.06,4.1,2465.0,0.14,54.96,50.95,-77.37,Undervalued
NHPC,"NHPC Ltd
",Energy,2019,1011493.79,965474.33,78.1,6.89,38.35,2.06,2642.0,0.26,60.03,45.26,72.56,Overvalued
NHPC,"NHPC Ltd
",Energy,2024,1740404.25,2103124.81,71.17,13.74,18.26,1.68,970.0,0.06,60.03,45.26,57.25,Overvalued
NHPC,"NHPC Ltd
",Energy,2024,1740404.25,2103124.81,71.17,13.74,18.26,1.68,970.0,0.06,60.03,45.26,57.25,Overvalued
NTPC,NTPC Ltd,Energy,2020,549989.15,598573.64,22.83,7.06,14.72,2.72,-5738.0,-1.04,33.8,45.26,-49.56,Undervalued
NTPC,NTPC Ltd,Energy,2023,953935.75,1220821.99,79.29,12.24,9.96,3.18,21007.0,2.2,33.8,45.26,75.19,Overvalued
NTPC,NTPC Ltd,Energy,2024,907823.11,1142814.16,30.8,5.24,37.12,0.06,8644.0,0.95,33.8,45.26,-31.95,Undervalued
NTPC,NTPC Ltd,Energy,2024,907823.11,1142814.16,30.8,5.24,37.12,0.06,8644.0,0.95,33.8,45.26,-31.95,Undervalued
ONGC,Oil & Natural Gas Corpn Ltd,Energy,2021,316247.83,328041.06,16.47,6.68,11.25,3.51,8044.0,2.54,43.8,45.26,-63.61,Undervalued
ONGC,Oil & Natural Gas Corpn Ltd,Energy,2024,390111.05,499988.49,18.15,10.36,11.72,1.11,42060.0,10.78,43.8,45.26,-59.9,Undervalued
ONGC,Oil & Natural Gas Corpn Ltd,Energy,2024,390111.05,499988.49,18.15,10.36,11.72,1.11,42060.0,10.78,43.8,45.26,-59.9,Undervalued
PFC,Power Finance Corporation Ltd,Financials,2021,1682458.73,1739295.43,71.66,1.56,34.04,0.75,-57402.0,-3.41,35.6,32.9,117.81,Overvalued
PFC,Power Finance Corporation Ltd,Financials,2022,1504604.05,1475909.96,15.39,8.05,39.59,0.15,4357.0,0.29,35.6,32.9,-53.22,Undervalued
PIDILITIND,Pidilite Industries Ltd,Materials,2019,175760.23,215960.74,17.69,11.27,15.11,3.98,332.0,0.19,36.12,56.035,-68.43,Undervalued
PIDILITIND,Pidilite Industries Ltd,Materials,2022,174189.7,210104.54,35.42,3.26,21.91,4.17,397.0,0.23,36.12,56.035,-36.79,Undervalued
PIDILITIND,Pidilite Industries Ltd,Materials,2023,162985.56,202017.26,38.11,2.48,34.69,4.36,659.0,0.4,36.12,56.035,-31.99,Undervalued
PIDILITIND,Pidilite Industries Ltd,Materials,2024,162274.18,165749.2,36.12,12.3,5.36,1.01,955.0,0.59,36.12,56.035,-35.54,Undervalued
PIDILITIND,Pidilite Industries Ltd,Materials,2024,162274.18,165749.2,36.12,12.3,5.36,1.01,955.0,0.59,36.12,56.035,-35.54,Undervalued
PNB,Punjab National Bank,Financials,2019,1116326.04,1152180.48,70.8,13.8,38.18,1.23,-34161.0,-3.06,20.58,32.9,115.2,Overvalued
PNB,Punjab National Bank,Financials,2019,1116326.04,1152180.48,70.8,13.8,38.18,1.23,-34161.0,-3.06,20.58,32.9,115.2,Overvalued
PNB,Punjab National Bank,Financials,2019,1116326.04,1152180.48,70.8,13.8,38.18,1.23,-34161.0,-3.06,20.58,32.9,115.2,Overvalued
PNB,Punjab National Bank,Financials,2019,1116326.04,1152180.48,70.8,13.8,38.18,1.23,-34161.0,-3.06,20.58,32.9,115.2,Overvalued
PNB,Punjab National Bank,Financials,2019,1116326.04,1152180.48,70.8,13.8,38.18,1.23,-34161.0,-3.06,20.58,32.9,115.2,Overvalued
PNB,Punjab National Bank,Financials,2020,1458207.93,1742246.74,19.1,9.35,5.92,3.19,-13131.0,-0.9,20.58,32.9,-41.95,Undervalued
PNB,Punjab National Bank,Financials,2020,1458207.93,1742246.74,19.1,9.35,5.92,3.19,-13131.0,-0.9,20.58,32.9,-41.95,Undervalued
PNB,Punjab National Bank,Financials,2020,1458207.93,1742246.74,19.1,9.35,5.92,3.19,-13131.0,-0.9,20.58,32.9,-41.95,Undervalued
PNB,Punjab National Bank,Financials,2020,1458207.93,1742246.74,19.1,9.35,5.92,3.19,-13131.0,-0.9,20.58,32.9,-41.95,Undervalued
PNB,Punjab National Bank,Financials,2020,1458207.93,1742246.74,19.1,9.35,5.92,3.19,-13131.0,-0.9,20.58,32.9,-41.95,Undervalued
PNB,Punjab National Bank,Financials,2021,1774323.73,2157108.17,20.42,9.61,11.26,4.26,30163.0,1.7,20.58,32.9,-37.93,Undervalued
PNB,Punjab National Bank,Financials,2021,1774323.73,2157108.17,20.42,9.61,11.26,4.26,30163.0,1.7,20.58,32.9,-37.93,Undervalued
PNB,Punjab National Bank,Financials,2021,1774323.73,2157108.17,20.42,9.61,11.26,4.26,30163.0,1.7,20.58,32.9,-37.93,Undervalued
PNB,Punjab National Bank,Financials,2021,1774323.73,2157108.17,20.42,9.61,11.26,4.26,30163.0,1.7,20.58,32.9,-37.93,Undervalued
PNB,Punjab National Bank,Financials,2021,1774323.73,2157108.17,20.42,9.61,11.26,4.26,30163.0,1.7,20.58,32.9,-37.93,Undervalued
PNB,Punjab National Bank,Financials,2022,2107018.91,1976658.37,21.47,10.12,21.68,3.31,18828.0,0.89,20.58,32.9,-34.74,Undervalued
PNB,Punjab National Bank,Financials,2022,2107018.91,1976658.37,21.47,10.12,21.68,3.31,18828.0,0.89,20.58,32.9,-34.74,Undervalued
PNB,Punjab National Bank,Financials,2022,2107018.91,1976658.37,21.47,10.12,21.68,3.31,18828.0,0.89,20.58,32.9,-34.74,Undervalued
PNB,Punjab National Bank,Financials,2022,2107018.91,1976658.37,21.47,10.12,21.68,3.31,18828.0,0.89,20.58,32.9,-34.74,Undervalued
PNB,Punjab National Bank,Financials,2022,2107018.91,1976658.37,21.47,10.12,21.68,3.31,18828.0,0.89,20.58,32.9,-34.74,Undervalued
PNB,Punjab National Bank,Financials,2023,2086779.73,2427273.35,20.74,8.38,38.52,2.83,21860.0,1.05,20.58,32.9,-36.96,Undervalued
PNB,Punjab National Bank,Financials,2023,2086779.73,2427273.35,20.74,8.38,38.52,2.83,21860.0,1.05,20.58,32.9,-36.96,Undervalued
PNB,Punjab National Bank,Financials,2023,2086779.73,2427273.35,20.74,8.38,38.52,2.83,21860.0,1.05,20.58,32.9,-36.96,Undervalued
PNB,Punjab National Bank,Financials,2023,2086779.73,2427273.35,20.74,8.38,38.52,2.83,21860.0,1.05,20.58,32.9,-36.96,Undervalued
PNB,Punjab National Bank,Financials,2023,2086779.73,2427273.35,20.74,8.38,38.52,2.83,21860.0,1.05,20.58,32.9,-36.96,Undervalued
PNB,Punjab National Bank,Financials,2024,1825925.6,2365495.49,19.29,10.91,23.64,1.32,-29445.0,-1.61,20.58,32.9,-41.37,Undervalued
PNB,Punjab National Bank,Financials,2024,1825925.6,2365495.49,19.29,10.91,23.64,1.32,-29445.0,-1.61,20.58,32.9,-41.37,Undervalued
PNB,Punjab National Bank,Financials,2024,1825925.6,2365495.49,19.29,10.91,23.64,1.32,-29445.0,-1.61,20.58,32.9,-41.37,Undervalued
PNB,Punjab National Bank,Financials,2024,1825925.6,2365495.49,19.29,10.91,23.64,1.32,-29445.0,-1.61,20.58,32.9,-41.37,Undervalued
PNB,Punjab National Bank,Financials,2024,1825925.6,2365495.49,19.29,10.91,23.64,1.32,-29445.0,-1.61,20.58,32.9,-41.37,Undervalued
POWERGRID,Power Grid Corporation of India Ltd,Energy,2019,253564.15,315271.49,70.85,7.24,8.63,3.98,4544.0,1.79,64.39,45.26,56.54,Overvalued
POWERGRID,Power Grid Corporation of India Ltd,Energy,2019,253564.15,315271.49,70.85,7.24,8.63,3.98,4544.0,1.79,64.39,45.26,56.54,Overvalued
POWERGRID,Power Grid Corporation of India Ltd,Energy,2021,300348.19,378036.04,30.87,8.89,15.5,3.39,20159.0,6.71,64.39,45.26,-31.79,Undervalued
POWERGRID,Power Grid Corporation of India Ltd,Energy,2021,300348.19,378036.04,30.87,8.89,15.5,3.39,20159.0,6.71,64.39,45.26,-31.79,Undervalued
POWERGRID,Power Grid Corporation of India Ltd,Energy,2023,300792.57,293260.29,31.09,12.44,17.31,3.26,33065.0,10.99,64.39,45.26,-31.31,Undervalued
POWERGRID,Power Grid Corporation of India Ltd,Energy,2023,300792.57,293260.29,31.09,12.44,17.31,3.26,33065.0,10.99,64.39,45.26,-31.31,Undervalued
RECLTD,REC Ltd,Financials,2019,252889.41,293557.74,55.19,7.65,32.85,2.17,-35409.0,-14.0,31.49,32.9,67.75,Overvalued
RECLTD,REC Ltd,Financials,2021,306600.13,339058.49,16.55,4.55,29.01,0.35,-42651.0,-13.91,31.49,32.9,-49.7,Undervalued
RECLTD,REC Ltd,Financials,2022,362149.73,456426.16,77.79,3.64,31.21,4.17,-1106.0,-0.31,31.49,32.9,136.44,Overvalued
RECLTD,REC Ltd,Financials,2023,324371.96,345653.82,74.2,3.44,37.68,2.37,-38303.0,-11.81,31.49,32.9,125.53,Overvalued
RELIANCE,"Reliance Industries Ltd
",Energy,2021,477545.63,530232.91,14.91,14.48,36.28,2.92,-115427.0,-24.17,58.34,45.26,-67.06,Undervalued
RELIANCE,"Reliance Industries Ltd
",Energy,2023,449714.02,575147.7,75.41,8.7,27.55,0.62,22031.0,4.9,58.34,45.26,66.62,Overvalued
SBILIFE,SBI Life Insurance Company Ltd,Financials,2020,625311.99,663578.68,10.2,6.98,11.33,0.64,2313.0,0.37,60.68,32.9,-69.0,Undervalued
SBILIFE,SBI Life Insurance Company Ltd,Financials,2021,654418.26,614911.54,76.94,1.19,19.05,0.73,4675.0,0.71,60.68,32.9,133.86,Overvalued
SBILIFE,SBI Life Insurance Company Ltd,Financials,2023,703278.16,657852.17,60.68,3.62,20.65,4.39,-1547.0,-0.22,60.68,32.9,84.44,Overvalued
SBILIFE,SBI Life Insurance Company Ltd,Financials,2024,886097.71,1097553.71,69.98,9.48,31.04,1.62,-2099.0,-0.24,60.68,32.9,112.71,Overvalued
SBILIFE,SBI Life Insurance Company Ltd,Financials,2024,886097.71,1097553.71,69.98,9.48,31.04,1.62,-2099.0,-0.24,60.68,32.9,112.71,Overvalued
SBIN,State Bank of India,Financials,2022,2187008.32,2696201.57,62.26,7.26,31.51,2.15,,,50.985,32.9,89.24,Overvalued
SBIN,State Bank of India,Financials,2023,2664457.97,3336018.79,72.12,7.09,35.08,0.46,,,50.985,32.9,119.21,Overvalued
SBIN,State Bank of India,Financials,2024,2400436.05,2686824.35,54.93,2.72,21.53,0.42,,,50.985,32.9,66.96,Overvalued
SHREECEM,Shree Cement Ltd,Materials,2019,1156357.29,1381911.24,35.24,14.91,28.2,3.67,1360.0,0.12,32.7,56.035,-37.11,Undervalued
SHREECEM,Shree Cement Ltd,Materials,2021,1568926.09,1806995.31,32.7,6.72,24.53,3.78,1603.0,0.1,32.7,56.035,-41.64,Undervalued
SHREECEM,Shree Cement Ltd,Materials,2022,1932061.03,1830555.08,25.68,0.89,5.28,1.01,525.0,0.03,32.7,56.035,-54.17,Undervalued
SHREECEM,Shree Cement Ltd,Materials,2023,2414420.31,3046754.72,36.21,8.67,29.71,4.29,164.0,0.01,32.7,56.035,-35.38,Undervalued
SHREECEM,Shree Cement Ltd,Materials,2024,3154358.33,2911084.5,25.87,1.21,26.58,3.2,1929.0,0.06,32.7,56.035,-53.83,Undervalued
SHREECEM,Shree Cement Ltd,Materials,2024,3154358.33,2911084.5,25.87,1.21,26.58,3.2,1929.0,0.06,32.7,56.035,-53.83,Undervalued
SHRIRAMFIN,"Shriram Finance Ltd
",Financials,2019,594898.99,643160.23,79.88,0.51,8.83,1.36,-5611.0,-0.94,56.67,32.9,142.8,Overvalued
SHRIRAMFIN,"Shriram Finance Ltd
",Financials,2020,513251.36,622540.94,11.8,11.36,6.84,1.14,-2519.0,-0.49,56.67,32.9,-64.13,Undervalued
SHRIRAMFIN,"Shriram Finance Ltd
",Financials,2023,721018.22,876135.94,56.67,6.47,36.37,1.85,-12549.0,-1.74,56.67,32.9,72.25,Overvalued
SHRIRAMFIN,"Shriram Finance Ltd
",Financials,2024,868933.47,1098024.4,68.53,7.91,28.82,1.86,-31359.0,-3.61,56.67,32.9,108.3,Overvalued
SHRIRAMFIN,"Shriram Finance Ltd
",Financials,2024,868933.47,1098024.4,68.53,7.91,28.82,1.86,-31359.0,-3.61,56.67,32.9,108.3,Overvalued
SIEMENS,Siemens Ltd,Industrials,2019,951918.38,1022262.14,23.09,1.05,25.6,3.89,138.0,0.01,37.225,48.9,-52.78,Undervalued
SIEMENS,Siemens Ltd,Industrials,2021,911257.72,1118554.17,10.54,5.57,28.22,0.59,-967.0,-0.11,37.225,48.9,-78.45,Undervalued
SIEMENS,Siemens Ltd,Industrials,2022,882073.22,982803.39,76.63,4.67,22.06,1.8,944.0,0.11,37.225,48.9,56.71,Overvalued
SIEMENS,Siemens Ltd,Industrials,2024,1191331.95,1268446.56,33.32,9.25,30.88,3.69,1168.0,0.1,37.225,48.9,-31.86,Undervalued
SUNPHARMA,Sun Pharmaceuticals Industries Ltd,Healthcare,2019,758612.89,960774.91,74.3,10.71,27.29,2.39,1886.0,0.25,37.9,47.06,57.88,Overvalued
SUNPHARMA,Sun Pharmaceuticals Industries Ltd,Healthcare,2021,794888.64,726981.85,12.16,2.14,10.38,4.45,6577.0,0.83,37.9,47.06,-74.16,Undervalued
SUNPHARMA,Sun Pharmaceuticals Industries Ltd,Healthcare,2022,812572.94,826215.51,11.76,9.71,27.83,0.79,3429.0,0.42,37.9,47.06,-75.01,Undervalued
SUNPHARMA,Sun Pharmaceuticals Industries Ltd,Healthcare,2023,1064162.39,1298488.21,24.58,7.54,21.04,1.57,-2261.0,-0.21,37.9,47.06,-47.77,Undervalued
TATACONSUM,Tata Consumer Products Ltd,Consumer Staples,2019,298527.54,342447.92,20.52,1.59,19.93,0.99,263.0,0.09,54.79,50.95,-59.73,Undervalued
TATACONSUM,Tata Consumer Products Ltd,Consumer Staples,2020,307664.97,308860.07,14.67,8.63,5.95,4.35,460.0,0.15,54.79,50.95,-71.21,Undervalued
TATACONSUM,Tata Consumer Products Ltd,Consumer Staples,2022,304809.07,395336.72,9.49,3.65,32.3,0.87,199.0,0.07,54.79,50.95,-81.37,Undervalued
TATACONSUM,Tata Consumer Products Ltd,Consumer Staples,2023,365505.69,454035.61,77.06,7.38,38.99,1.85,627.0,0.17,54.79,50.95,51.25,Overvalued
TATAMOTORS,Tata Motors Ltd,Consumer Discretionary,2020,919827.57,950063.39,14.79,1.74,28.04,1.73,-6482.0,-0.7,34.17,29.91,-50.55,Undervalued
TATAMOTORS,Tata Motors Ltd,Consumer Discretionary,2022,1385832.42,1339830.23,56.26,6.18,21.21,4.15,9839.0,0.71,34.17,29.91,88.1,Overvalued
TATAMOTORS,Tata Motors Ltd,Consumer Discretionary,2024,1504106.64,1588737.42,67.07,0.93,15.35,3.65,45133.0,3.0,34.17,29.91,124.24,Overvalued
TATAMOTORS,Tata Motors Ltd,Consumer Discretionary,2024,1504106.64,1588737.42,67.07,0.93,15.35,3.65,45133.0,3.0,34.17,29.91,124.24,Overvalued
TATAPOWER,"Tata Power Company Ltd
",Energy,2019,1458746.25,1831481.73,22.32,3.71,34.62,4.06,4302.0,0.29,22.32,45.26,-50.68,Undervalued
TATAPOWER,"Tata Power Company Ltd
",Energy,2020,1402442.85,1295478.08,14.5,4.29,31.65,2.29,6882.0,0.49,22.32,45.26,-67.96,Undervalued
TATAPOWER,"Tata Power Company Ltd
",Energy,2021,1511545.08,1713572.11,72.1,1.81,29.32,4.17,9338.0,0.62,22.32,45.26,59.3,Overvalued
TATAPOWER,"Tata Power Company Ltd
",Energy,2023,1592398.68,1769432.81,24.7,10.29,14.32,1.75,-97.0,-0.01,22.32,45.26,-45.43,Undervalued
TATAPOWER,"Tata Power Company Ltd
",Energy,2024,1647269.48,1925345.06,14.5,3.48,12.02,0.49,3569.0,0.22,22.32,45.26,-67.96,Undervalued
TATAPOWER,"Tata Power Company Ltd
",Energy,2024,1647269.48,1925345.06,14.5,3.48,12.02,0.49,3569.0,0.22,22.32,45.26,-67.96,Undervalued
TATASTEEL,"Tata Steel Ltd
",Materials,2022,358418.76,342775.45,33.03,9.76,22.35,0.52,33476.0,9.34,48.97,56.035,-41.05,Undervalued
TATASTEEL,"Tata Steel Ltd
",Materials,2023,320309.06,388401.17,19.23,3.0,34.08,2.75,3504.0,1.09,48.97,56.035,-65.68,Undervalued
TCS,Tata Consultancy Services Ltd,Information Technology,2023,405916.42,410957.48,8.74,13.8,29.01,3.1,42513.0,10.47,57.2,60.515,-85.56,Undervalued
TECHM,Tech Mahindra Ltd,Information Technology,2019,1639903.22,2067764.75,8.39,4.82,9.69,2.04,2328.0,0.14,51.58,60.515,-86.14,Undervalued
TECHM,Tech Mahindra Ltd,Information Technology,2019,1639903.22,2067764.75,8.39,4.82,9.69,2.04,2328.0,0.14,51.58,60.515,-86.14,Undervalued
TECHM,Tech Mahindra Ltd,Information Technology,2023,3048920.3,3745542.3,41.79,3.57,36.87,3.25,5346.0,0.18,51.58,60.515,-30.94,Undervalued
TECHM,Tech Mahindra Ltd,Information Technology,2023,3048920.3,3745542.3,41.79,3.57,36.87,3.25,5346.0,0.18,51.58,60.515,-30.94,Undervalued
TITAN,"Titan Company Ltd
",Consumer Discretionary,2019,1135740.07,1252789.18,63.2,11.39,10.85,0.44,446.0,0.04,26.55,29.91,111.3,Overvalued
TITAN,"Titan Company Ltd
",Consumer Discretionary,2020,1301076.74,1556937.57,18.73,5.89,35.46,4.25,-113.0,-0.01,26.55,29.91,-37.38,Undervalued
TITAN,"Titan Company Ltd
",Consumer Discretionary,2022,1599747.79,1518166.79,72.03,9.49,25.9,4.44,441.0,0.03,26.55,29.91,140.82,Overvalued
TITAN,"Titan Company Ltd
",Consumer Discretionary,2024,1793769.72,2116401.21,10.13,10.51,21.0,3.1,1506.0,0.08,26.55,29.91,-66.13,Undervalued
TITAN,"Titan Company Ltd
",Consumer Discretionary,2024,1793769.72,2116401.21,10.13,10.51,21.0,3.1,1506.0,0.08,26.55,29.91,-66.13,Undervalued
TORNTPHARM,Torrent Pharmaceuticals Ltd,Healthcare,2019,961478.14,994047.23,78.75,1.44,28.93,2.04,1552.0,0.16,46.4,47.06,67.34,Overvalued
TRENT,Trent Ltd,Consumer Discretionary,2019,709354.25,819010.58,70.85,12.21,27.83,3.78,-16.0,-0.0,65.94,29.91,136.88,Overvalued
TRENT,Trent Ltd,Consumer Discretionary,2020,704799.66,813935.48,50.52,9.53,10.9,1.25,-448.0,-0.06,65.94,29.91,68.91,Overvalued
TRENT,Trent Ltd,Consumer Discretionary,2021,700098.06,798656.79,78.02,14.33,12.95,1.37,303.0,0.04,65.94,29.91,160.85,Overvalued
TRENT,Trent Ltd,Consumer Discretionary,2022,607706.78,643881.28,68.1,13.78,13.28,1.2,114.0,0.02,65.94,29.91,127.68,Overvalued
TRENT,Trent Ltd,Consumer Discretionary,2023,583656.73,607027.17,65.94,9.88,32.51,2.62,492.0,0.08,65.94,29.91,120.46,Overvalued
TRENT,Trent Ltd,Consumer Discretionary,2024,571322.04,566293.08,8.65,11.82,34.65,3.46,841.0,0.15,65.94,29.91,-71.08,Undervalued
TRENT,Trent Ltd,Consumer Discretionary,2024,571322.04,566293.08,8.65,11.82,34.65,3.46,841.0,0.15,65.94,29.91,-71.08,Undervalued
TVSMOTOR,TVS Motor Company Ltd,Consumer Discretionary,2019,143093.33,131403.61,15.6,6.89,21.67,3.67,-2022.0,-1.41,46.1,29.91,-47.84,Undervalued
TVSMOTOR,TVS Motor Company Ltd,Consumer Discretionary,2021,206731.04,206020.01,68.15,7.31,16.3,1.86,269.0,0.13,46.1,29.91,127.85,Overvalued
TVSMOTOR,TVS Motor Company Ltd,Consumer Discretionary,2022,249058.89,275637.72,8.52,13.87,7.31,4.22,-3046.0,-1.22,46.1,29.91,-71.51,Undervalued
TVSMOTOR,TVS Motor Company Ltd,Consumer Discretionary,2023,215205.91,260053.04,46.5,7.83,7.55,1.07,-5713.0,-2.65,46.1,29.91,55.47,Overvalued
TVSMOTOR,TVS Motor Company Ltd,Consumer Discretionary,2024,266591.41,334973.15,46.1,5.62,7.1,3.07,-2254.0,-0.85,46.1,29.91,54.13,Overvalued
TVSMOTOR,TVS Motor Company Ltd,Consumer Discretionary,2024,266591.41,334973.15,46.1,5.62,7.1,3.07,-2254.0,-0.85,46.1,29.91,54.13,Overvalued
